set,model,cut,precision,recall,lift,lead_med,lead_p25,fwd_mean,fwd_mean_w,pop_fwd_mean_w,fwd_median,fwd_worst_decile,pop_fwd_mean,base_rate,n_picked,lift_lo,lift_hi,lift_p,excess_fwd_lo,excess_fwd_hi,excess_fwd_p
market,gb,0.01,0.014285714285714285,0.005,0.49994642857142857,7.0,5.5,-0.006557694113685331,-0.0014326514542117056,-0.0003245379034993583,-0.0008394731648362352,-0.08586331470739587,-0.009325858762201496,0.02857449012394185,560,0.19588138814066466,0.9812762826455712,0.981018981018981,-0.002824577758596494,0.0007048739551779774,0.8811188811188811
market,gb,0.05,0.023571428571428573,0.04125,0.8249116071428572,7.0,5.0,-0.00903202006681,-0.000891444963232587,-0.0003245379034993583,-0.0003693183356108243,-0.11473290440833428,-0.009325858762201496,0.02857449012394185,2800,0.6229232854611908,1.056034449034334,0.9340659340659341,-0.0012368550670327017,0.00019129159920622864,0.9250749250749251
+social,gb,0.01,0.0125,0.004375,0.437453125,5.0,4.0,-0.0026095548500813066,-5.2346151359737084e-05,-0.0003245379034993583,0.0006768067949267653,-0.05493424469929182,-0.009325858762201496,0.02857449012394185,560,0.18261325173277992,0.8130506359363473,0.999000999000999,-0.0012321284559882874,0.002050276481878307,0.3226773226773227
+social,gb,0.05,0.019642857142857142,0.034375,0.6874263392857143,6.0,5.0,-0.005885704814664111,-0.0002780402301325284,-0.0003245379034993583,0.00016844148012129523,-0.08776967086782465,-0.009325858762201496,0.02857449012394185,2800,0.5208027887627346,0.8845085429172166,0.998001998001998,-0.0006657017362041238,0.0008307197894748201,0.3966033966033966
+smart,gb,0.01,0.023214285714285715,0.008125,0.8124129464285714,6.0,4.0,-0.013980857407436058,-0.0011794070049038958,-0.0003245379034993583,-0.001485767185268383,-0.1632282295075431,-0.009325858762201496,0.02857449012394185,560,0.42886163619364276,1.2419198937175073,0.8001998001998002,-0.0024171601836727014,0.0005949470424798752,0.8721278721278721
+smart,gb,0.05,0.02857142857142857,0.05,0.9998928571428571,7.0,5.0,-0.005662993300617059,-5.685853277146017e-05,-0.0003245379034993583,1.1376581639854777e-05,-0.08693814510638387,-0.009325858762201496,0.02857449012394185,2800,0.7605135417881479,1.2154452634312092,0.5794205794205795,-0.0005525274240973896,0.0009612369429005769,0.27672327672327673
+both,gb,0.01,0.02857142857142857,0.01,0.9998928571428571,7.5,5.0,0.0016305733472742952,0.0016305733472742952,-0.0003245379034993583,0.0009793240781883483,-0.02617830250482389,-0.009325858762201496,0.02857449012394185,560,0.4959489906382871,1.6483168310061034,0.5074925074925075,0.000457737077498603,0.0035834983658149886,0.005994005994005994
+both,gb,0.05,0.02214285714285714,0.03875,0.7749169642857142,7.0,5.0,-0.003399170265742196,0.0001665805870204438,-0.0003245379034993583,0.00046496104203841426,-0.0663522523511003,-0.009325858762201496,0.02857449012394185,2800,0.5778460911313047,0.9896681416101677,0.981018981018981,-0.0002975749963155596,0.0011879047417139139,0.1068931068931069
market,lr,0.01,0.026785714285714284,0.009375,0.9373995535714286,7.0,4.5,-0.002136777445850697,0.00042043125287087265,-0.0003245379034993583,-0.00030917640454930506,-0.054341414686987895,-0.009325858762201496,0.02857449012394185,560,0.4467133451269056,1.4766222739073485,0.6343656343656343,-0.0007514019546852158,0.00218304544332085,0.1928071928071928
market,lr,0.05,0.031071428571428573,0.054375,1.0873834821428572,7.0,5.0,-0.009641743983071332,3.340527970982007e-05,-0.0003245379034993583,0.00014398810564086872,-0.1279310915604405,-0.009325858762201496,0.02857449012394185,2800,0.8148971306578343,1.2904950786715175,0.32667332667332666,-0.00034303855508481437,0.001029537626782854,0.14685314685314685
+social,lr,0.01,0.03214285714285714,0.01125,1.1248794642857143,7.0,5.0,-0.01274534093871709,3.0438127838425554e-05,-0.0003245379034993583,0.001186604490980514,-0.16289696022866348,-0.009325858762201496,0.02857449012394185,560,0.6367092439689511,1.715535118195396,0.3096903096903097,-0.0013225976559500155,0.0022013296545520906,0.3206793206793207
+social,lr,0.05,0.025,0.04375,0.87490625,7.0,5.0,-0.007382271906127633,0.00025025411270409296,-0.0003245379034993583,0.0005460967663162286,-0.10665504883689418,-0.009325858762201496,0.02857449012394185,2800,0.6706289431475145,1.097995986713985,0.8821178821178821,-0.00019512368359472662,0.0013155836130745516,0.06293706293706294
+smart,lr,0.01,0.030357142857142857,0.010625,1.0623861607142857,7.0,5.0,0.0008396515053822852,0.0008396515053822852,-0.0003245379034993583,5.044369565609941e-05,-0.025546898255865622,-0.009325858762201496,0.02857449012394185,560,0.5749534042598133,1.5764912443240684,0.46353646353646355,-0.00026041244114854186,0.0026093706730679904,0.06493506493506493
+smart,lr,0.05,0.029285714285714286,0.05125,1.0248901785714286,7.0,5.0,-0.005843403847328239,0.00023878195793994005,-0.0003245379034993583,0.000327700956294974,-0.09030700693616328,-0.009325858762201496,0.02857449012394185,2800,0.816444508817067,1.2809073275738927,0.4005994005994006,-8.542058337885254e-05,0.0013225975019821783,0.057942057942057944
+both,lr,0.01,0.03571428571428571,0.0125,1.2498660714285714,6.0,5.0,-0.006479287475241334,0.0011583008193718541,-0.0003245379034993583,0.00185568402982339,-0.10963720560792636,-0.009325858762201496,0.02857449012394185,560,0.7477305369821569,2.0775856013362177,0.13986013986013987,-0.00043494793518529924,0.0036009269731311286,0.055944055944055944
+both,lr,0.05,0.03357142857142857,0.05875,1.1748741071428572,7.0,5.0,-0.005240530398703003,0.0008541654392159783,-0.0003245379034993583,0.0009590913558654712,-0.0905236941912531,-0.009325858762201496,0.02857449012394185,2800,0.9253387990735268,1.3824714894270542,0.12387612387612387,0.00030742395997737334,0.001924695832612712,0.004995004995004995
